Sum of co2_per_capita,1990,1991,1992,1993,1994,1995,1996,1997,1998,1999,2000,2001,2002,2003,2004,2005,2006,2007,2008,2009,2010,2011,2012,2013,2014,2015,2016,2017,2018,2019,2020
Afghanistan,0.21,0.182,0.095,0.084,0.075,0.068,0.062,0.056,0.052,0.04,0.036,0.037,0.046,0.05,0.036,0.051,0.062,0.084,0.152,0.237,0.288,0.402,0.328,0.262,0.233,0.23,0.191,0.189,0.224,0.319,0.312
Africa,1.052,1.068,1.01,1.043,1.029,1.077,1.066,1.079,1.085,1.05,1.094,1.064,1.049,1.109,1.16,1.155,1.161,1.176,1.197,1.176,1.172,1.181,1.146,1.123,1.184,1.119,1.119,1.113,1.086,1.077,0.99
Albania,1.657,1.289,0.769,0.725,0.608,0.664,0.643,0.494,0.561,0.953,0.96,1.029,1.199,1.357,1.322,1.36,1.255,1.262,1.423,1.431,1.509,1.718,1.602,1.697,1.941,1.555,1.556,1.838,1.642,1.688,1.576
Algeria,2.979,2.985,2.956,2.965,3.053,3.303,3.307,2.925,3.531,2.993,2.649,2.664,2.807,2.822,2.687,3.212,2.979,3.173,3.139,3.401,3.275,3.268,3.427,3.472,3.662,3.768,3.673,3.743,3.824,3.871,3.535
Andorra,7.461,7.177,6.907,6.73,6.489,6.656,7.059,7.235,7.655,7.969,8.013,7.78,7.584,7.31,7.352,7.294,6.74,6.514,6.423,6.117,6.117,5.862,5.912,5.897,5.828,5.966,6.068,6.044,6.423,6.505,6.035
Angola,0.43,0.413,0.408,0.44,0.286,0.785,0.724,0.494,0.473,0.575,0.58,0.571,0.719,0.496,0.997,0.978,1.097,1.195,1.175,1.224,1.236,1.252,1.346,1.277,1.236,1.206,1.089,0.953,0.791,0.738,0.675
Anguilla,5.768,5.614,5.889,6.949,6.827,6.683,6.881,6.702,7.202,7.342,7.819,8.269,8.103,8.554,9.886,10.307,11.287,11.68,11.506,11.063,11.181,10.498,10.359,8.404,9.865,10.777,10.661,9.795,9.696,9.378,8.227
Antarctica,,,,,,,,,,,,,,,,,,,,,,,,,,,,,,,
Antigua and Barbuda,3.516,3.354,3.24,3.286,3.217,3.255,3.394,3.577,3.703,3.778,3.856,3.844,4.212,4.435,4.56,4.588,4.651,4.84,4.891,5.111,5.161,4.967,5.066,5.045,4.988,5.13,5.194,5.145,5.176,5.008,4.395
Argentina,3.436,3.552,3.616,3.467,3.553,3.668,3.823,3.86,3.867,4.039,3.861,3.595,3.301,3.535,4.08,4.151,4.444,4.391,4.693,4.42,4.566,4.605,4.591,4.506,4.425,4.467,4.389,4.274,4.082,3.742,3.473
Armenia,2.533,2.079,1.703,0.766,0.826,1.067,0.819,1.044,1.093,0.987,1.137,1.158,1.014,1.145,1.23,1.468,1.488,1.739,1.917,1.511,1.478,1.727,1.993,1.91,1.924,1.87,1.772,1.88,1.974,1.869,1.988
Aruba,7.841,8.221,7.893,8.946,8.598,8.804,8.718,8.876,9.236,9.097,26.17,25.914,25.65,26.399,26.494,27.179,26.927,27.871,26.207,25.895,24.651,24.486,13.146,8.346,8.403,8.604,8.421,8.45,8.239,8.006,7.055
Asia,2.055,2.12,2.179,2.243,2.305,2.363,2.422,2.419,2.312,2.351,2.431,2.445,2.55,2.76,2.972,3.149,3.321,3.46,3.598,3.703,3.928,4.172,4.293,4.308,4.334,4.317,4.294,4.35,4.442,4.48,4.379
Asia (excl. China & India),3.033,3.119,3.183,3.22,3.253,3.211,3.249,3.25,3.098,3.191,3.356,3.362,3.403,3.51,3.609,3.643,3.694,3.728,3.746,3.734,3.885,3.956,4.073,4.023,4.043,4.092,4.097,4.152,4.139,4.163,3.959
Australia,16.471,16.398,16.454,16.55,16.86,17.119,17.391,17.79,18.222,18.448,18.525,18.779,18.922,19.019,19.455,19.209,19.355,19.216,19.203,18.451,18.26,17.985,17.581,16.907,16.92,16.851,17.143,16.87,16.708,16.447,15.368
Austria,8.045,8.458,7.692,7.686,7.68,8.011,8.401,8.372,8.318,8.153,8.196,8.662,8.844,9.473,9.452,9.58,9.269,8.913,8.808,8.037,8.561,8.267,7.911,7.919,7.447,7.645,7.684,7.891,7.486,7.589,6.732
Azerbaijan,7.094,6.8,7.518,6.385,5.459,4.284,3.977,3.76,3.963,3.547,3.633,3.512,3.581,3.662,3.797,4.016,4.532,3.491,4.018,3.57,3.391,3.605,3.783,3.752,3.89,3.844,3.806,3.731,3.703,3.854,3.72
Bahamas,7.894,7.651,7.024,6.434,6.416,6.565,6.387,5.597,6.846,6.915,6.798,6.429,6.622,6.611,6.423,5.865,5.601,5.549,5.576,5.576,5.358,5.879,6.359,7.365,6.554,5.708,5.235,5.49,7.002,6.772,5.945
Bahrain,25.015,23.259,20.788,27.244,26.846,26.231,26.942,29.06,29.927,28.26,28.278,20.182,21.585,21.535,21.55,22.273,20.264,25.843,26.628,23.71,23.432,22.272,20.785,23.573,23.066,23.669,22.004,21.814,20.778,20.984,20.546
Bangladesh,0.136,0.14,0.142,0.146,0.156,0.183,0.183,0.192,0.189,0.2,0.208,0.239,0.241,0.248,0.262,0.271,0.296,0.299,0.314,0.337,0.366,0.379,0.402,0.404,0.427,0.469,0.484,0.507,0.512,0.578,0.564
Barbados,4.101,4.589,3.703,4.171,2.788,3.033,3.08,3.312,4.082,4.298,4.241,4.353,4.387,4.539,4.612,4.774,4.839,4.89,5.759,5.682,5.189,5.359,5.143,5.056,4.428,4.421,4.49,4.087,4.31,4.234,3.782
Belarus,10.221,9.525,8.751,7.553,6.184,5.706,5.812,5.886,5.757,5.532,5.542,5.582,5.601,5.796,6.218,6.393,6.718,6.677,6.923,6.471,6.664,6.546,6.655,6.711,6.638,6.148,6.336,6.361,6.449,6.456,6.079
Belgium,12.023,12.289,12.156,12.001,12.289,12.364,12.684,12.127,12.719,12.16,12.324,12.217,12.24,12.309,12.288,11.913,11.666,11.262,11.15,9.918,10.471,9.536,9.236,9.203,8.632,8.952,8.796,8.708,8.729,8.644,7.226
Belize,1.66,2.128,1.829,1.91,1.853,1.824,1.44,1.753,1.607,1.456,1.6,1.752,1.648,1.605,1.418,1.485,1.522,1.593,1.421,1.642,1.67,1.675,1.333,1.272,1.327,1.776,1.691,1.638,1.578,1.687,1.466
Benin,0.127,0.142,0.148,0.173,0.192,0.189,0.189,0.19,0.172,0.219,0.214,0.239,0.289,0.318,0.335,0.312,0.408,0.465,0.451,0.472,0.509,0.474,0.452,0.456,0.466,0.504,0.607,0.621,0.632,0.62,0.553
Bermuda,8.145,8.686,7.4,8.583,8.42,8.375,8.274,8.175,8.08,7.928,7.946,8.076,8.483,8.502,8.806,8.792,9.846,11.026,9.835,7.253,9.302,6.813,5.66,8.309,10.47,8.456,9.773,9.997,11.325,11.166,10.028
Bhutan,0.242,0.328,0.383,0.323,0.379,0.442,0.524,0.68,0.653,0.644,0.648,0.611,0.651,0.574,0.455,0.583,0.57,0.562,0.598,0.544,0.678,0.963,1.101,1.201,1.319,1.326,1.57,1.662,1.903,2.526,2.495
Bolivia,0.834,0.852,0.925,1.066,1.151,1.286,1.296,1.418,1.389,1.298,1.026,0.966,0.959,1.121,1.123,1.21,1.229,1.325,1.394,1.44,1.535,1.664,1.713,1.811,1.935,1.958,2.066,2.105,2.101,2.071,1.773
Bonaire Sint Eustatius and Saba,18.966,14.661,11.64,17.329,16.158,15.733,14.657,15.421,0.862,6.575,17.742,18.394,18.051,18.23,18.946,18.109,17.718,18.38,16.202,15.325,9.904,12.028,13.636,13.714,13.397,13.272,13.474,13.704,13.539,13.076,11.466
Bosnia and Herzegovina,4.327,3.12,3.55,3.084,0.814,0.888,1.126,2.239,2.825,2.76,3.653,3.532,3.77,3.816,4.108,4.262,4.618,4.644,5.316,5.497,5.707,6.49,6.14,6.154,5.546,5.383,6.418,6.51,6.641,7.527,6.528
Botswana,2.099,1.986,2.037,2.284,2.113,2.072,1.831,1.817,2.12,1.961,2.299,2.297,2.332,2.206,2.206,2.275,2.251,2.254,2.351,1.974,2.283,1.999,2.489,2.746,3.28,2.558,2.932,3.201,3.354,3.006,2.772
Brazil,1.468,1.513,1.514,1.558,1.593,1.658,1.758,1.836,1.869,1.899,1.946,1.954,1.937,1.896,1.964,1.958,1.96,2.054,2.149,2.01,2.25,2.342,2.5,2.648,2.752,2.589,2.39,2.409,2.309,2.302,2.199
British Virgin Islands,3.771,4.069,4.569,4.682,5.188,5.693,6.01,5.964,6.1,6.038,6.133,6.203,6.416,6.762,7.22,7.77,7.626,7.46,7.301,7.048,7.118,7.114,7.033,6.985,7.332,7.291,7.239,5.7,5.411,5.239,4.605
Brunei,23.92,19.93,19.023,17.625,16.203,16.106,15.565,15.809,16.165,11.659,13.78,12.909,12.267,12.653,13.558,13.337,12.795,22.162,23.698,20.176,20.741,24.244,23.793,18.863,21.781,16.761,17.971,22.503,22.362,22.982,23.22
Bulgaria,8.675,7.017,6.612,6.813,6.656,6.916,7.055,6.802,6.534,5.749,5.685,6.176,5.868,6.475,6.402,6.59,6.8,7.357,7.188,6.13,6.446,7.207,6.591,5.855,6.241,6.705,6.362,6.699,6.188,6.032,5.389
Burkina Faso,0.066,0.069,0.068,0.066,0.066,0.062,0.068,0.075,0.078,0.081,0.089,0.083,0.082,0.085,0.084,0.084,0.098,0.112,0.118,0.121,0.13,0.132,0.158,0.168,0.166,0.182,0.181,0.205,0.218,0.213,0.19
Burundi,0.038,0.043,0.038,0.039,0.04,0.04,0.04,0.041,0.04,0.04,0.042,0.031,0.032,0.023,0.028,0.021,0.024,0.026,0.026,0.02,0.034,0.04,0.041,0.042,0.038,0.038,0.045,0.049,0.061,0.061,0.051
Cambodia,0.14,0.14,0.14,0.139,0.138,0.141,0.138,0.13,0.162,0.159,0.162,0.181,0.174,0.185,0.187,0.209,0.222,0.254,0.28,0.323,0.356,0.357,0.369,0.371,0.425,0.549,0.668,0.804,0.792,0.93,0.917
Cameroon,0.221,0.22,0.217,0.223,0.215,0.236,0.257,0.22,0.213,0.198,0.216,0.209,0.203,0.22,0.223,0.202,0.206,0.304,0.282,0.333,0.328,0.312,0.287,0.23,0.302,0.332,0.327,0.313,0.315,0.286,0.26
Canada,16.63,16.125,16.423,16.253,16.572,16.834,17.211,17.526,17.62,17.943,18.522,18.104,18.111,18.494,18.254,17.904,17.562,18.058,17.379,16.198,16.364,16.499,16.301,16.254,15.998,15.907,15.38,15.5,15.63,15.567,14.197
Cape Verde,0.282,0.286,0.299,0.3,0.302,0.313,0.361,0.362,0.382,0.436,0.505,0.538,0.62,0.684,0.722,0.95,1.007,1.064,0.975,1.069,1.13,1.234,0.994,0.967,0.94,0.936,1.014,1.077,1.098,1.095,0.989
Central African Republic,0.065,0.066,0.066,0.065,0.067,0.065,0.064,0.064,0.063,0.065,0.064,0.066,0.064,0.058,0.056,0.054,0.055,0.055,0.039,0.037,0.038,0.042,0.043,0.026,0.028,0.04,0.044,0.047,0.047,0.044,0.039
Chad,0.063,0.062,0.064,0.061,0.06,0.06,0.06,0.06,0.059,0.059,0.058,0.058,0.056,0.079,0.077,0.076,0.076,0.079,0.083,0.082,0.083,0.09,0.048,0.05,0.072,0.049,0.07,0.069,0.068,0.063,0.056
Chile,2.478,2.293,2.331,2.435,2.648,2.856,3.264,3.749,3.791,4.016,3.787,3.387,3.473,3.462,3.686,3.765,3.91,4.276,4.237,3.903,4.179,4.53,4.579,4.656,4.368,4.554,4.635,4.55,4.507,4.545,4.246
China,2.111,2.185,2.263,2.397,2.52,2.706,2.799,2.781,2.642,2.614,2.665,2.706,2.962,3.456,3.948,4.416,4.848,5.185,5.539,5.794,6.295,6.922,7.062,7.151,7.135,7,6.874,6.981,7.208,7.316,7.412
Christmas Island,,,,,,,,,,,,,,,,,,,,,,,,,,,,,,,
Colombia,1.719,1.678,1.786,1.805,1.868,1.614,1.612,1.71,1.698,1.404,1.42,1.39,1.356,1.376,1.297,1.408,1.435,1.376,1.506,1.621,1.687,1.666,1.73,1.88,1.888,1.935,1.936,1.764,1.709,1.796,1.751
Comoros,0.16,0.156,0.16,0.163,0.158,0.162,0.165,0.168,0.178,0.18,0.189,0.191,0.187,0.232,0.245,0.234,0.263,0.166,0.167,0.201,0.234,0.202,0.213,0.247,0.212,0.231,0.272,0.329,0.352,0.359,0.297
Congo,0.428,0.447,0.518,0.453,0.672,0.438,0.481,0.67,0.12,0.119,0.181,0.238,0.174,0.269,0.27,0.275,0.301,0.312,0.332,0.416,0.459,0.51,0.653,0.694,0.655,0.711,0.743,0.698,0.691,0.612,0.565
Cook Islands,2.215,2.188,2.158,2.322,2.304,2.301,2.514,2.554,2.601,2.64,2.656,2.034,1.404,1.575,2.715,3.266,2.878,2.701,2.727,2.561,3.188,3.624,3.866,3.904,3.936,3.96,3.973,4.396,4.392,4.52,4.522
Costa Rica,0.934,1.027,1.138,1.154,1.503,1.354,1.29,1.322,1.376,1.4,1.361,1.405,1.523,1.581,1.619,1.569,1.612,1.807,1.79,1.714,1.637,1.578,1.549,1.609,1.616,1.528,1.617,1.679,1.645,1.747,1.552
Cote d'Ivoire,0.401,0.348,0.3,0.384,0.301,0.431,0.5,0.464,0.422,0.37,0.393,0.439,0.404,0.292,0.408,0.408,0.363,0.341,0.336,0.275,0.295,0.302,0.387,0.431,0.43,0.405,0.495,0.485,0.409,0.408,0.382
Croatia,4.811,3.568,3.459,3.578,3.446,3.642,3.791,4.094,4.232,4.493,4.44,4.715,4.979,5.289,5.222,5.332,5.389,5.7,5.422,5.024,4.856,4.788,4.444,4.311,4.155,4.209,4.297,4.475,4.258,4.304,4.137
Cuba,2.798,2.546,1.918,1.837,1.973,2.097,2.133,2.258,2.201,2.207,2.317,2.258,2.279,2.31,2.242,2.17,2.193,2.154,2.501,2.529,3.046,2.619,2.642,2.484,2.427,2.588,2.486,2.223,1.994,1.987,1.779
Curacao,31.527,25.233,20.821,32.196,31.002,30.946,29.338,31.238,1.758,13.424,36.2,37.355,36.382,36.593,38.307,37.552,38.348,41.98,39.112,38.82,26.054,32.557,37.702,35.1,40.448,43.322,36.013,27.324,23.526,23.014,20.323
Cyprus,6.068,6.565,6.89,7.034,7.168,6.865,7.124,7.081,7.271,7.423,7.548,7.284,7.353,7.623,7.72,7.741,7.826,7.992,8.057,7.712,7.28,6.922,6.398,5.754,6.031,6.004,6.301,6.377,6.172,6.124,5.38
Czechia,15.879,14.391,13.969,13.383,12.776,12.705,13.039,12.645,12.138,11.315,12.355,12.367,12.089,12.444,12.517,12.252,12.283,12.388,11.798,10.988,11.162,10.899,10.518,10.062,9.828,9.892,10.047,10.113,9.951,9.431,8.215
Democratic Republic of Congo,0.123,0.087,0.075,0.069,0.042,0.051,0.054,0.043,0.037,0.029,0.019,0.016,0.017,0.02,0.022,0.026,0.027,0.029,0.03,0.027,0.03,0.036,0.034,0.05,0.063,0.037,0.026,0.03,0.033,0.031,0.028
Denmark,10.421,12.452,11.288,11.68,12.413,11.772,14.244,12.401,11.55,11.018,10.165,10.429,10.337,11.254,10.194,9.5,10.916,9.992,9.316,8.833,8.852,7.92,7.1,7.404,6.628,6.188,6.48,6.061,6.028,5.353,4.522
Djibouti,0.466,0.471,0.488,0.486,0.471,0.494,0.455,0.499,0.565,0.55,0.511,0.5,0.535,0.555,0.527,0.529,0.516,0.573,0.61,0.553,0.615,0.554,0.561,0.63,0.432,0.489,0.43,0.427,0.405,0.413,0.356
Dominica,0.832,0.833,0.831,0.88,0.928,1.134,1.033,1.142,1.096,1.154,1.473,1.578,1.469,1.672,2.03,2.025,2.021,2.588,2.328,2.276,2.43,2.17,2.324,2.373,2.474,2.471,2.518,2.256,2.251,2.191,1.934
Dominican Republic,1.253,1.312,1.406,1.485,1.535,1.932,2.073,2.136,2.166,2.136,2.242,2.226,2.401,2.412,1.931,1.972,2.073,2.141,2.15,2.066,2.12,2.172,2.14,2.116,2.145,2.285,2.37,2.284,2.418,2.563,2.56
Ecuador,1.609,1.543,2.049,2.198,1.208,1.98,2.053,1.523,1.829,1.717,1.622,1.776,1.883,2.001,2.117,2.168,2.055,2.356,2.034,2.2,2.32,2.453,2.401,2.506,2.709,2.514,2.396,2.34,2.22,2.116,1.753
Egypt,1.34,1.346,1.363,1.541,1.384,1.522,1.471,1.657,1.835,1.844,2.039,1.772,1.76,2.011,2.011,2.185,2.29,2.376,2.446,2.504,2.427,2.52,2.415,2.341,2.451,2.371,2.479,2.598,2.314,2.25,2.086
El Salvador,0.47,0.59,0.612,0.724,0.811,0.888,0.776,0.942,0.988,0.956,0.963,0.988,1.018,1.074,1.038,1.041,1.105,1.121,1.044,1.025,1.022,1.046,1.038,0.973,0.977,1.055,1.046,0.942,0.992,1.062,0.944
Equatorial Guinea,0.149,0.152,0.148,0.15,0.161,0.17,0.249,0.567,0.472,0.699,1.016,4.693,11.82,11.595,13.896,10.725,9.061,6.796,7.108,5.998,7.21,9.59,8.897,10.756,9.961,9.272,9.371,9.735,8.565,7.574,7.317
Eritrea,,,,,0.335,0.373,0.409,0.368,0.266,0.275,0.264,0.264,0.242,0.273,0.283,0.272,0.188,0.188,0.134,0.159,0.157,0.173,0.186,0.189,0.191,0.19,0.191,0.206,0.233,0.239,0.204
Estonia,24.054,21.847,16.015,13.04,13.751,12.709,13.496,13.226,12.029,11.335,11.068,11.4,11.1,12.554,12.737,12.655,12.23,14.894,13.339,10.844,14.26,14.379,13.488,14.964,14.348,12.057,13.344,14.24,13.564,9.339,7.88
Eswatini,1.167,1.032,0.959,0.801,1.187,1.146,0.833,1.187,1.185,1.246,1.203,1.081,1.061,0.982,0.975,0.985,0.98,0.998,0.974,1.001,0.936,0.94,1.083,1.288,0.703,0.786,0.947,0.876,0.909,0.882,0.824
Ethiopia,0.062,0.06,0.057,0.056,0.04,0.044,0.048,0.049,0.05,0.048,0.052,0.063,0.063,0.068,0.07,0.065,0.068,0.072,0.077,0.076,0.072,0.082,0.087,0.102,0.122,0.126,0.138,0.143,0.148,0.146,0.128
EU-27,,,,,,,,,,,,,,,,,,,,,,,,,,,,,,,
Europe,11.112,10.666,9.765,9.353,8.849,8.818,8.885,8.605,8.576,8.464,8.468,8.64,8.586,8.777,8.807,8.781,8.902,8.814,8.696,7.981,8.273,8.155,8.07,7.845,7.527,7.521,7.503,7.532,7.485,7.26,6.608
Europe (excl. EU-27),13.758,12.94,11.245,10.52,9.4,9.184,9.078,8.63,8.594,8.521,8.512,8.77,8.678,8.911,8.998,9.045,9.348,9.306,9.334,8.572,8.976,9.038,9.092,8.818,8.498,8.319,8.267,8.271,8.414,8.318,7.742
Europe (excl. EU-28),14.516,13.481,11.461,10.631,9.271,9.043,8.83,8.387,8.326,8.269,8.237,8.528,8.489,8.74,8.853,8.94,9.352,9.36,9.486,8.762,9.224,9.504,9.514,9.225,8.997,8.853,8.898,8.969,9.191,9.136,8.574
European Union (27),9.209,9.032,8.703,8.517,8.455,8.556,8.747,8.588,8.563,8.424,8.437,8.549,8.522,8.684,8.677,8.602,8.598,8.48,8.264,7.58,7.796,7.556,7.377,7.184,6.867,6.977,6.983,7.028,6.852,6.539,5.836
European Union (28),9.365,9.222,8.897,8.7,8.634,8.703,8.912,8.715,8.7,8.561,8.582,8.694,8.633,8.795,8.786,8.706,8.688,8.556,8.326,7.616,7.83,7.528,7.4,7.205,6.846,6.904,6.858,6.868,6.7,6.397,5.706
Faeroe Islands,14.88,13.918,13.873,12.589,12.547,12.528,13.171,12.883,13.513,13.574,14.738,16.215,15.359,15.447,15.703,15.122,14.183,14.403,13.178,12.031,13.183,11.877,12.33,13.539,12.451,12.657,13.082,14.633,14.959,15.121,13.996
Fiji,1.104,0.901,0.996,0.984,0.964,0.974,1.038,0.988,0.952,0.961,1.027,1.285,1.079,1.271,1.64,1.317,1.453,1.364,1.04,0.912,1.398,1.237,1.205,1.269,1.436,1.49,1.444,1.552,1.53,1.564,1.554
Finland,11.402,11.004,10.76,11.11,12.107,11.358,12.47,12.174,11.496,11.378,10.994,12.025,12.479,13.9,13.155,10.848,12.959,12.603,11.019,10.471,11.947,10.513,9.461,9.511,8.724,8.051,8.591,8.102,8.302,7.691,7.091
France,6.935,7.329,7.122,6.757,6.616,6.678,6.936,6.789,7.082,7.01,6.878,6.913,6.789,6.837,6.807,6.798,6.597,6.391,6.237,5.894,5.989,5.595,5.6,5.596,5.077,5.119,5.158,5.197,4.96,4.851,4.238
French Equatorial Africa,,,,,,,,,,,,,,,,,,,,,,,,,,,,,,,
French Guiana,6.129,6.627,6.474,6.655,5.716,5.178,4.136,3.734,4.266,3.283,3.082,3.275,2.833,3.452,3.225,2.93,2.418,2.778,2.62,3.366,3.057,2.996,2.899,2.78,2.713,2.691,2.682,2.562,2.47,2.504,2.439
French Polynesia,2.199,2.14,1.998,2.035,2.07,1.983,1.961,2.003,1.946,2.11,2.375,2.782,2.752,2.929,2.834,3.03,2.99,2.929,3.011,3.011,3.012,2.943,2.874,2.914,2.832,2.871,2.762,2.774,2.89,2.962,2.949
French West Africa,,,,,,,,,,,,,,,,,,,,,,,,,,,,,,,
Gabon,4.723,4.634,4.904,4.831,4.138,4.245,4.272,4.184,4.236,3.994,3.801,3.793,3.527,3.496,3.441,3.494,2.897,2.777,2.741,2.698,2.945,2.927,2.877,2.9,2.822,2.706,2.71,2.227,2.246,2.066,1.931
Gambia,0.207,0.199,0.193,0.197,0.191,0.192,0.189,0.186,0.195,0.215,0.208,0.221,0.214,0.207,0.216,0.211,0.221,0.214,0.217,0.219,0.241,0.242,0.238,0.22,0.253,0.251,0.247,0.242,0.238,0.233,0.207
Georgia,2.947,2.954,2.88,1.904,1.19,0.46,0.836,0.94,1.08,0.967,1.032,0.869,0.787,0.881,1.012,1.192,1.455,1.528,1.282,1.489,1.514,1.912,2.03,1.978,2.214,2.422,2.507,2.539,2.524,2.622,2.499
Germany,13.313,12.759,12.079,11.888,11.627,11.572,11.794,11.441,11.343,11.007,11.055,11.254,11.038,11.042,10.865,10.621,10.781,10.478,10.546,9.769,10.305,10.008,10.053,10.243,9.731,9.728,9.742,9.508,9.072,8.518,7.69
Ghana,0.257,0.277,0.234,0.268,0.307,0.303,0.313,0.346,0.34,0.339,0.316,0.341,0.357,0.358,0.336,0.312,0.409,0.419,0.379,0.31,0.392,0.442,0.551,0.533,0.542,0.579,0.581,0.472,0.56,0.556,0.515
Greece,8.158,8.085,8.156,8.002,8.12,8.094,8.228,8.602,8.992,8.883,9.294,9.465,9.392,9.724,9.75,10.15,10.055,10.305,10.065,9.522,8.942,8.731,8.481,7.61,7.351,7.032,6.724,7.082,6.824,6.276,5.012
Greenland,11.231,10.93,10.663,9.772,8.881,9.57,10.689,11.054,10.667,10.606,11.882,10.971,10.257,11.458,11.253,11.31,11.625,11.473,11.925,10.452,11.986,12.825,10.243,9.948,9.238,9.291,9.306,9.598,9.688,9.771,9.061
Grenada,1.103,1.14,1.207,1.231,1.438,1.498,1.524,1.659,1.724,1.896,1.853,1.881,1.98,2.079,1.966,2.066,2.2,2.264,2.397,2.39,2.449,2.368,2.523,2.811,2.153,2.374,2.426,2.512,2.762,2.967,2.62
Guadeloupe,3.381,3.541,3.542,3.876,4.146,4.295,4.474,4.452,5.323,5.157,5.035,5.374,5.663,5.811,6.289,5.914,5.814,6.183,6.038,5.868,6.169,6.193,6.143,6.045,6.059,6.172,6.32,6.205,6.147,6.404,6.403
Guatemala,0.537,0.522,0.61,0.561,0.664,0.68,0.617,0.689,0.776,0.773,0.838,0.858,0.878,0.836,0.874,0.925,0.909,0.886,0.778,0.799,0.758,0.752,0.757,0.82,0.866,0.974,1.02,1.022,1.081,1.248,1.057
Guinea,0.158,0.157,0.158,0.158,0.159,0.16,0.165,0.168,0.173,0.178,0.181,0.185,0.189,0.194,0.197,0.2,0.203,0.207,0.205,0.212,0.244,0.249,0.227,0.194,0.194,0.214,0.234,0.268,0.297,0.291,0.258
Guinea-Bissau,0.177,0.176,0.176,0.176,0.172,0.168,0.165,0.178,0.149,0.165,0.122,0.122,0.123,0.151,0.153,0.158,0.157,0.164,0.157,0.158,0.156,0.155,0.153,0.149,0.154,0.16,0.171,0.166,0.166,0.164,0.146
Guyana,1.518,1.486,1.39,1.385,1.922,2.06,2.172,2.383,2.426,2.444,2.34,2.34,2.302,2.493,2.584,2.17,2.023,2.386,2.286,2.553,2.518,2.607,2.595,2.509,2.583,2.61,3.04,2.992,3.185,3.177,2.813
Haiti,0.141,0.136,0.121,0.092,0.024,0.113,0.129,0.168,0.151,0.153,0.193,0.171,0.204,0.191,0.183,0.188,0.188,0.187,0.182,0.193,0.215,0.225,0.221,0.26,0.256,0.249,0.275,0.283,0.303,0.292,0.256
High-income countries,12.229,12.188,12.215,12.261,12.372,12.374,12.67,12.633,12.524,12.603,12.928,12.801,12.824,12.972,13.078,13.02,12.923,12.922,12.555,11.752,12.118,11.856,11.714,11.669,11.502,11.407,11.175,11.073,11.065,10.757,9.776
Honduras,0.488,0.478,0.512,0.523,0.57,0.66,0.65,0.652,0.762,0.721,0.75,0.83,0.847,0.931,0.988,0.916,1.006,1.051,1.057,0.974,0.949,1.03,1.052,1.05,1.04,1.076,1.002,0.939,1.048,1.107,0.975
Hong Kong,4.74,4.907,5.613,5.866,5.18,5.139,4.674,4.841,6.066,6.524,6.098,5.672,5.892,6.424,6.163,6.46,6.162,6.37,6.218,6.005,5.751,6.158,6.065,6.25,6.376,5.899,5.99,5.824,5.798,5.62,4.167
Hungary,7.056,6.722,5.994,6.119,5.965,5.932,6.1,5.978,5.95,6.016,5.711,5.883,5.803,6.09,5.945,5.976,5.931,5.841,5.73,5.168,5.245,5.072,4.74,4.433,4.455,4.767,4.826,5.082,5.09,5.068,4.997
Iceland,8.737,8.175,8.668,9.18,8.919,9.218,9.338,9.602,9.581,10.222,10.456,10.121,10.484,10.366,10.68,10.09,10.519,11.456,12.261,11.794,11.315,10.824,10.738,10.644,10.528,10.708,10.498,10.78,10.88,10.473,8.604
India,0.662,0.691,0.722,0.731,0.758,0.791,0.841,0.859,0.861,0.917,0.926,0.923,0.936,0.953,0.996,1.033,1.081,1.148,1.218,1.324,1.359,1.424,1.551,1.59,1.687,1.732,1.799,1.818,1.922,1.922,1.769
Indonesia,0.828,0.978,1.084,1.152,1.149,1.15,1.276,1.384,1.05,1.169,1.299,1.415,1.43,1.545,1.542,1.542,1.512,1.671,1.556,1.684,1.869,2.059,2.099,1.97,1.956,2.134,2.144,2.173,2.297,2.441,2.155
International transport,,,,,,,,,,,,,,,,,,,,,,,,,,,,,,,
Iran,3.725,3.918,3.861,3.945,4.354,4.42,4.395,4.23,4.776,5.856,5.625,5.941,5.91,6.072,6.41,6.644,7.138,7.186,7.413,7.666,7.724,7.736,7.979,7.978,8.286,8.009,8.011,8.829,8.645,8.845,8.87
Iraq,2.816,2.526,3.2,3.33,3.638,3.677,3.334,3.175,3.26,3.144,3.052,3.493,3.462,3.54,4.318,4.188,3.569,2.192,3.234,3.554,3.701,4.403,4.792,4.936,4.799,4.657,5.309,5.638,5.498,5.673,5.242
Ireland,9.383,9.573,9.489,9.506,9.764,9.981,10.352,10.628,11.039,11.373,11.961,12.39,11.791,11.478,11.376,11.628,11.252,11.021,10.726,9.385,9.177,8.298,8.299,8.08,7.977,8.316,8.551,8.233,8.134,7.634,6.754
Israel,8.053,7.877,8.854,8.974,9.299,9.46,9.575,9.856,9.828,9.4,10.01,10.399,9.612,9.941,9.174,8.657,9.303,9.172,9.683,8.882,9.295,9.162,9.821,8.162,7.684,7.893,7.55,7.142,7.224,7.324,6.51
Italy,7.705,7.692,7.688,7.546,7.442,7.868,7.781,7.904,8.141,8.233,8.299,8.274,8.359,8.616,8.655,8.618,8.488,8.351,8.128,7.186,7.352,7.12,6.738,6.147,5.787,5.964,5.902,5.816,5.757,5.611,5.025
Jamaica,3.11,3.178,3.132,3.22,3.264,3.621,3.786,3.896,3.716,3.782,3.885,3.954,3.789,3.937,3.88,3.802,4.203,3.883,3.875,2.838,2.732,2.921,2.784,2.971,2.677,2.766,2.809,2.67,2.739,2.729,2.509
Japan,9.301,9.363,9.41,9.326,9.736,9.81,9.882,9.81,9.479,9.751,9.915,9.786,10.002,10.054,10.006,10.055,9.869,10.142,9.587,9.048,9.451,9.843,10.17,10.251,9.86,9.559,9.422,9.318,8.989,8.718,8.15
Jordan,2.938,2.634,3.013,2.802,3.004,2.878,2.921,2.903,2.883,2.835,2.967,2.992,3.088,3.125,3.346,3.545,3.426,3.427,3.16,3.095,2.839,2.772,2.944,2.795,2.903,2.758,2.548,2.612,2.535,2.549,2.498
Kazakhstan,17.179,16.594,15.167,13.571,11.588,11.262,10.488,10.098,9.885,8.321,9.988,9.63,10.753,11.852,12.364,13.102,14.219,14.492,14.416,13.907,15.325,14.533,14.676,14.902,16.127,16.423,16.19,17.03,17.319,15.949,15.516
Kenya,0.24,0.192,0.213,0.238,0.238,0.267,0.32,0.276,0.327,0.322,0.325,0.281,0.232,0.19,0.209,0.228,0.248,0.246,0.249,0.293,0.279,0.299,0.27,0.28,0.295,0.34,0.35,0.325,0.351,0.349,0.3
Kiribati,0.304,0.298,0.343,0.387,0.382,0.377,0.372,0.366,0.359,0.353,0.391,0.342,0.462,0.495,0.526,0.635,0.699,0.607,0.668,0.544,0.57,0.525,0.482,0.476,0.536,0.496,0.488,0.578,0.569,0.578,0.57
Kosovo,,,,,,,,,,,,,,,,,,,,,,,,,,,,,,,
Kuwait,18.043,7.343,15.503,27.716,33.282,33.993,30.681,31.966,28.158,27.578,26.104,27.331,27.132,27.583,28.679,31.348,30.918,29.902,30.985,30.824,29.838,27.229,29.883,23.169,20.45,23.816,25.49,23.457,23.101,22.974,20.825
Kuwaiti Oil Fires,,,,,,,,,,,,,,,,,,,,,,,,,,,,,,,
Kyrgyzstan,4.429,3.621,2.488,1.896,1.36,0.988,1.224,1.185,1.236,0.956,0.935,0.778,0.986,1.073,1.153,1.086,1.058,1.257,1.436,1.263,1.164,1.369,1.779,1.685,1.727,1.725,1.588,1.51,1.856,1.717,1.764
Laos,0.12,0.125,0.132,0.132,0.134,0.138,0.152,0.157,0.159,0.162,0.18,0.196,0.212,0.219,0.226,0.232,0.301,0.309,0.352,0.434,0.481,0.499,0.527,0.651,0.67,1.37,2.163,2.684,2.765,4.733,4.652
Latvia,7.379,6.764,5.417,4.616,4.077,3.641,3.716,3.538,3.417,3.205,2.97,3.178,3.224,3.351,3.392,3.468,3.735,3.929,3.776,3.476,4.037,3.731,3.634,3.603,3.548,3.635,3.652,3.698,4.076,4.011,3.591
Lebanon,2.807,2.778,3.162,3.19,3.265,3.473,3.532,4.127,4.41,4.384,4.025,4.111,3.884,4.222,3.766,3.544,3.108,2.883,3.656,4.354,4.037,3.895,4.033,3.748,3.832,3.939,3.947,4.103,3.871,3.888,3.805
Leeward Islands,,,,,,,,,,,,,,,,,,,,,,,,,,,,,,,
Lesotho,0.864,0.877,0.89,0.897,0.9,0.899,0.898,0.899,0.902,0.903,0.91,0.922,0.939,0.957,0.988,1.008,1.024,1.044,1.069,1.114,1.14,1.529,1.535,1.151,1.21,1.089,1.066,1.174,1.225,1.092,1.019
Liberia,0.225,0.182,0.194,0.215,0.213,0.207,0.201,0.195,0.192,0.145,0.148,0.151,0.144,0.152,0.174,0.203,0.202,0.182,0.148,0.126,0.195,0.212,0.233,0.207,0.273,0.269,0.296,0.262,0.225,0.222,0.2
Libya,8.23,9.379,7.961,8.14,9.012,9.232,8.839,8.891,8.815,8.54,8.868,8.903,8.712,8.802,8.866,9.828,9.046,8.365,8.845,8.66,9.786,7.877,8.216,6.632,11.221,9.065,8.238,8.266,7.99,8.043,7.382
Liechtenstein,6.911,7.074,7.003,7.171,6.612,6.612,6.569,6.86,7.096,6.914,6.535,6.4,6.493,6.711,6.659,6.595,6.607,5.7,6.188,5.748,5.3,4.869,5.06,5.211,4.33,4.26,3.972,4.107,3.753,3.903,3.698
Lithuania,9.677,10.237,5.749,4.455,4.33,4.161,4.377,4.245,4.509,3.82,3.392,3.635,3.686,3.717,3.93,4.221,4.37,4.856,4.732,4.118,4.464,4.635,4.71,4.438,4.411,4.543,4.62,4.77,4.889,5.045,5.069
Lower-middle-income countries,1.113,1.1,1.098,1.074,1.04,1.048,1.067,1.078,1.071,1.114,1.136,1.155,1.164,1.196,1.236,1.27,1.306,1.36,1.384,1.42,1.475,1.541,1.599,1.602,1.648,1.673,1.725,1.767,1.831,1.872,1.75
Low-income countries,0.673,0.647,0.578,0.537,0.497,0.46,0.427,0.41,0.395,0.41,0.412,0.409,0.371,0.412,0.408,0.406,0.411,0.41,0.425,0.384,0.372,0.338,0.309,0.278,0.286,0.249,0.253,0.248,0.236,0.258,0.236
Luxembourg,30.969,32.206,31.195,31.135,28.682,22.423,22.226,20.368,18.026,18.847,19.972,20.917,22.499,23.381,26.18,26.4,25.6,23.829,23.04,21.425,22.066,21.379,20.469,19.022,17.738,16.494,15.697,15.646,15.835,15.838,13.059
Macao,3.005,3.088,2.983,3.187,3.365,3.193,3.577,3.706,3.802,3.626,3.812,3.849,3.38,3.328,3.636,3.786,3.28,2.702,2.197,3.592,2.294,2.644,2.288,2.085,2.555,3.368,2.888,3.084,1.926,1.962,1.945
Madagascar,0.08,0.085,0.08,0.079,0.096,0.096,0.096,0.113,0.116,0.119,0.118,0.107,0.074,0.097,0.1,0.094,0.088,0.089,0.089,0.083,0.088,0.11,0.123,0.14,0.134,0.133,0.131,0.161,0.159,0.15,0.133
Malawi,0.079,0.082,0.081,0.091,0.093,0.092,0.09,0.092,0.088,0.085,0.078,0.069,0.072,0.075,0.074,0.072,0.071,0.073,0.079,0.077,0.07,0.076,0.074,0.073,0.063,0.067,0.076,0.077,0.086,0.085,0.073
Malaysia,3.01,3.552,3.84,4.451,4.537,5.561,5.398,5.662,5.166,4.779,5.441,5.651,5.582,6.337,6.792,7.058,6.823,6.828,7.416,7.237,7.655,7.574,7.404,8.229,8.198,7.659,8.166,8.055,8.634,8.722,8.423
Maldives,0.772,0.67,0.977,0.816,0.796,0.98,1.117,1.25,1.119,1.54,1.613,1.612,2.018,1.67,2.142,1.88,2.316,2.328,2.454,2.499,2.555,2.59,2.795,2.627,3.024,2.883,3.021,3.048,3.375,3.379,3.324
Mali,0.05,0.049,0.052,0.055,0.059,0.062,0.066,0.072,0.09,0.091,0.097,0.103,0.104,0.104,0.114,0.114,0.116,0.131,0.139,0.129,0.139,0.147,0.152,0.167,0.183,0.188,0.185,0.191,0.192,0.188,0.167
Malta,6.653,6.179,6.292,7.798,7.143,6.528,6.781,6.739,6.572,6.727,6.466,6.725,6.79,7.432,7.066,6.559,6.561,6.714,6.709,6.154,6.227,6.169,6.544,5.736,5.691,4.016,3.223,3.561,3.502,3.79,3.612
Marshall Islands,,,1.563,1.691,1.678,1.743,1.74,1.743,1.819,1.744,1.949,1.996,2.099,1.987,2.152,2.056,2.168,2.223,2.283,2.345,2.405,2.463,2.39,2.446,2.499,2.488,2.476,2.525,2.509,2.57,2.556
Martinique,4.719,4.359,4.778,5.113,5.458,5.482,5.381,5.253,4.638,4.949,5.073,5.136,5.167,5.527,5.824,6.146,5.978,5.394,5.429,5.794,5.818,5.877,5.865,5.804,5.848,5.983,6.147,6.047,5.997,6.253,6.258
Mauritania,0.42,0.416,0.422,0.422,0.424,0.439,0.448,0.443,0.429,0.428,0.424,0.434,0.45,0.451,0.471,0.475,0.457,0.511,0.538,0.578,0.561,0.586,0.629,0.536,0.636,0.723,0.609,0.833,0.833,0.817,0.726
Mauritius,1.385,1.423,1.577,1.614,1.457,1.62,1.707,1.73,1.861,2.063,2.269,2.397,2.399,2.531,2.541,2.696,2.954,2.987,3.039,2.981,3.136,3.131,3.163,3.24,3.345,3.343,3.444,3.587,3.562,3.448,3.129
Mayotte,0.696,0.746,0.757,0.806,0.835,0.88,0.904,0.908,0.865,1.019,1.076,1.094,1.153,1.142,1.21,1.261,1.322,1.341,1.471,1.449,1.432,1.394,1.34,1.278,1.241,1.228,1.223,1.169,1.13,1.148,1.12
Mexico,3.777,3.861,3.822,3.815,3.899,3.618,3.712,3.896,4.043,4.006,4.005,4.095,4.051,4.247,4.199,4.377,4.431,4.395,4.449,4.232,4.065,4.185,4.232,4.125,3.998,3.955,3.915,3.685,3.608,3.414,2.769
Micronesia (country),,,1.012,0.987,1.002,1.056,1.049,1.115,1.117,1.156,1.194,1.333,1.267,1.371,1.34,1.139,1.148,1.263,1.062,1.423,0.997,1.133,1.192,1.28,1.262,1.312,1.296,1.282,1.269,1.294,1.282
Moldova,8.392,6.773,4.793,3.625,2.851,2.628,2.708,1.703,1.514,1.108,0.85,0.904,0.97,1.055,1.107,1.187,1.213,1.205,1.262,1.108,1.182,1.212,1.169,1.202,1.168,1.175,1.206,1.286,1.341,1.275,1.276
Mongolia,4.528,5.465,4.9,4.093,3.476,3.438,3.463,3.292,3.263,3.171,3.123,3.253,3.382,3.244,3.433,3.394,3.676,4.657,4.566,4.89,5.081,7.734,12.402,15.115,10.063,7.752,8.287,11.004,14.995,27.5,26.978
Montenegro,3.114,2.201,2.403,2.09,2.027,2.139,2.506,2.701,2.852,1.972,2.479,2.719,2.88,3.076,3.318,2.84,3.339,3.318,4.193,2.7,3.88,3.85,3.536,3.434,3.362,3.571,3.213,3.351,3.823,4.212,3.678
Montserrat,2.761,2.758,2.75,2.766,3.182,3.348,4.065,4.16,4.346,6.436,5.208,5.664,10.75,8.083,10.128,8.324,8.242,8.198,9.709,8.99,12.725,8.204,8.918,10.401,9.619,11.805,5.888,5.875,5.871,5.732,5.065
Morocco,0.899,0.938,0.962,1.024,1.058,1.065,1.078,1.08,1.099,1.124,1.153,1.264,1.267,1.228,1.402,1.466,1.501,1.57,1.629,1.593,1.681,1.674,1.713,1.679,1.672,1.689,1.664,1.732,1.729,1.87,1.748
Mozambique,0.076,0.071,0.075,0.083,0.072,0.072,0.068,0.071,0.066,0.068,0.075,0.085,0.082,0.096,0.094,0.086,0.091,0.101,0.098,0.106,0.112,0.128,0.12,0.14,0.3,0.233,0.293,0.29,0.234,0.24,0.21
Myanmar,0.102,0.099,0.114,0.124,0.143,0.157,0.162,0.165,0.176,0.193,0.215,0.184,0.192,0.203,0.255,0.236,0.259,0.258,0.195,0.202,0.258,0.296,0.231,0.25,0.309,0.42,0.48,0.464,0.608,0.667,0.668
Namibia,,0.715,0.758,0.893,0.988,0.995,1.035,1.042,1.05,0.943,0.894,1.103,0.966,1.002,1.033,1.193,1.186,1.176,1.632,1.468,1.456,1.29,1.529,1.15,1.618,1.664,1.718,1.755,1.665,1.636,1.526
Nauru,13.105,12.756,12.055,11.042,10.473,10,9.609,9.639,9.362,8.766,8.154,7.888,7.617,6.602,6.658,6.325,4.474,4.466,4.45,4.053,4.393,4.003,4.338,4.666,4.986,5.298,4.898,5.196,5.147,5.263,5.236
Nepal,0.038,0.053,0.062,0.068,0.077,0.107,0.106,0.117,0.096,0.136,0.127,0.133,0.105,0.112,0.102,0.116,0.094,0.097,0.126,0.154,0.179,0.193,0.203,0.231,0.282,0.252,0.358,0.422,0.487,0.593,0.582
Netherlands,10.812,11.3,11.21,11.148,11.112,11.139,11.659,11.146,11.144,10.731,10.742,11.001,10.898,11.049,11.107,10.81,10.468,10.413,10.554,10.197,10.882,10.053,9.808,9.777,9.333,9.694,9.712,9.553,9.322,8.984,8.06
New Caledonia,9.254,10.088,8.813,9.964,10.465,10.673,11.017,8.945,8.699,9.66,10.22,8.472,10.609,11.889,10.799,11.883,11.281,12.028,11.545,11.727,14.028,13.77,13.957,14.565,18.202,17.473,19.385,19.286,20.663,30.791,30.448
New Zealand,7.548,7.641,8.071,7.817,7.735,7.66,7.903,8.348,7.91,8.26,8.38,8.826,8.745,9.025,8.811,9.081,8.969,8.66,8.815,8.068,8.016,7.807,8.087,7.813,7.779,7.817,7.363,7.625,7.546,7.839,6.942
Nicaragua,0.49,0.465,0.544,0.511,0.552,0.592,0.6,0.645,0.691,0.721,0.734,0.762,0.764,0.819,0.816,0.785,0.801,0.814,0.77,0.774,0.767,0.814,0.76,0.762,0.774,0.873,0.854,0.862,0.817,0.867,0.766
Niger,0.075,0.069,0.062,0.068,0.063,0.059,0.065,0.064,0.066,0.062,0.061,0.056,0.057,0.06,0.062,0.052,0.049,0.049,0.053,0.061,0.071,0.077,0.099,0.102,0.108,0.102,0.099,0.093,0.083,0.08,0.07
Nigeria,0.408,0.429,0.462,0.436,0.332,0.31,0.332,0.361,0.324,0.332,0.645,0.692,0.733,0.758,0.729,0.762,0.686,0.644,0.631,0.485,0.709,0.796,0.696,0.711,0.725,0.626,0.623,0.598,0.653,0.647,0.609
Niue,3.142,3.197,3.241,3.289,3.329,3.391,3.45,3.542,3.648,3.752,3.853,3.976,4.082,2.096,2.139,2.171,2.198,2.225,4.487,2.259,2.259,4.529,4.563,4.563,6.84,4.552,4.549,4.546,6.827,7.02,7.012
North America,14.126,13.827,13.941,14.009,14.111,14.068,14.376,14.44,14.398,14.413,14.746,14.385,14.336,14.416,14.46,14.397,14.111,14.165,13.592,12.526,12.773,12.45,11.978,12.106,12.063,11.704,11.353,11.155,11.366,11.056,9.805
North America (excl. USA),5.078,5.012,5.013,4.968,5.068,4.988,5.106,5.255,5.314,5.352,5.478,5.466,5.45,5.621,5.531,5.583,5.59,5.656,5.575,5.271,5.233,5.301,5.276,5.206,5.104,5.083,4.953,4.825,4.803,4.72,4.118
North Korea,6.032,5.688,4.918,4.461,4.019,3.717,3.24,2.917,2.608,2.82,3.016,3.098,2.941,2.979,3.022,3.134,3.167,2.624,2.893,2.193,2.038,1.467,1.515,1.084,1.219,0.978,1.162,0.856,0.692,1.145,1.137
North Macedonia,7.106,5.034,5.524,5.103,5.316,5.363,5.873,5.29,6.248,5.763,5.895,5.838,5.304,5.467,5.399,5.426,5.252,4.543,4.496,4.153,4.105,4.438,4.211,3.743,3.59,3.378,3.358,3.604,3.372,3.828,3.43
Norway,8.264,7.856,8.03,8.341,8.733,8.821,9.468,9.446,9.418,9.532,9.373,9.625,9.376,9.63,9.647,9.365,9.41,9.686,9.398,8.964,9.353,9.057,8.844,8.788,8.766,8.773,8.532,8.378,8.331,7.969,7.615
Oceania,11.547,11.491,11.488,11.492,11.644,11.759,11.934,12.201,12.385,12.529,12.576,12.767,12.835,12.934,13.168,13.034,13.094,13.022,12.979,12.438,12.327,12.139,11.912,11.478,11.517,11.47,11.597,11.442,11.327,11.26,10.486
Oman,6.193,6.123,5.996,6.382,7.007,7.131,6.654,6.778,7.239,9.116,9.496,8.761,10.808,13.422,11.283,11.734,15.13,16.548,15.307,14.135,15.425,16.448,16.858,16.276,15.066,14.495,13.464,14.125,12.552,12.212,12.173
Pakistan,0.63,0.609,0.632,0.659,0.698,0.676,0.734,0.716,0.717,0.717,0.741,0.734,0.755,0.767,0.83,0.841,0.876,0.929,0.905,0.884,0.859,0.844,0.822,0.787,0.8,0.849,1.017,1.125,1.123,1.082,1.063
Palau,15.568,15.186,12.476,12.15,11.823,11.531,11.242,10.982,10.748,10.539,10.932,11.149,10.819,10.726,10.884,11.112,11.623,13.196,10.968,10.818,11.632,12.18,12.674,12.905,12.473,11.615,11.994,12.139,11.865,12.169,12.125
Palestine,0.41,0.403,0.4,0.391,0.387,0.361,0.378,0.301,0.487,0.438,0.515,0.407,0.342,0.372,0.626,0.766,0.618,0.618,0.532,0.528,0.501,0.541,0.518,0.562,0.64,0.663,0.697,0.688,0.608,0.599,0.568
Panama,1.065,1.23,1.596,1.439,1.556,1.333,1.59,1.622,2.026,1.892,1.89,2.25,1.848,1.898,1.747,2.093,2.218,2.128,2.086,2.364,2.49,2.685,2.591,2.741,2.782,2.741,2.615,2.73,2.569,2.895,2.498
Panama Canal Zone,,,,,,,,,,,,,,,,,,,,,,,,,,,,,,,
Papua New Guinea,0.467,0.459,0.453,0.443,0.43,0.397,0.412,0.473,0.513,0.428,0.456,0.537,0.571,0.634,0.706,0.675,0.648,0.898,0.687,0.712,0.638,0.699,0.652,0.684,0.761,0.785,0.802,0.756,0.745,0.754,0.744
Paraguay,0.506,0.485,0.58,0.64,0.73,0.824,0.761,0.826,0.858,0.839,0.677,0.681,0.697,0.716,0.709,0.649,0.661,0.674,0.704,0.735,0.804,0.821,0.806,0.794,0.827,0.905,1.06,1.176,1.223,1.21,1.061
Peru,0.97,0.922,0.914,1.02,0.996,1.015,0.979,1.082,1.076,1.119,1.138,1.007,0.997,0.958,1.148,1.325,1.012,1.224,1.429,1.782,1.97,1.672,1.832,1.446,1.643,1.61,1.705,1.708,1.708,1.691,1.356
Philippines,0.668,0.685,0.743,0.735,0.794,0.859,0.858,0.959,0.914,0.893,0.928,0.882,0.862,0.845,0.859,0.849,0.757,0.792,0.85,0.828,0.883,0.876,0.909,0.969,1.007,1.098,1.179,1.283,1.319,1.356,1.241
Poland,9.926,9.816,9.549,9.541,9.391,9.436,9.804,9.535,8.8,8.544,8.24,8.145,7.966,8.314,8.448,8.428,8.794,8.779,8.615,8.261,8.737,8.732,8.546,8.455,8.146,8.24,8.538,8.897,8.887,8.433,7.916
Portugal,4.581,4.755,5.123,4.951,5.005,5.405,5.115,5.377,5.803,6.525,6.38,6.311,6.716,6.199,6.446,6.634,6.158,5.906,5.674,5.396,5.003,4.902,4.748,4.6,4.604,5.043,4.887,5.368,5.021,4.658,3.961
Puerto Rico,,,,,,,,,,,,,,,,,,,,,,,,,,,,,,,
Qatar,23.959,35.663,54.058,61.188,59.767,60.957,60.606,68.724,57.512,53.911,57.407,67.012,63.511,60.576,56.697,58.574,61.794,51.624,44.726,41.45,38.743,39.122,42.031,35.392,36.767,35.132,33.494,36.612,38.44,40.619,37.019
Reunion,2.034,2.626,2.79,2.731,2.821,3.064,3.315,3.667,3.713,4.01,4.321,4.422,4.385,4.077,4.181,4.665,4.894,5.08,5.238,5.278,5.402,5.373,5.272,5.128,5.081,5.124,5.202,5.069,4.987,5.161,5.124
Romania,7.275,5.977,5.571,5.204,5.154,5.411,5.594,5.154,4.632,3.951,4.172,4.45,4.487,4.72,4.716,4.681,4.86,4.819,4.733,3.952,3.807,4.231,4.147,3.713,3.773,3.832,3.746,3.928,3.979,3.865,3.715
Russia,17.118,16.191,13.205,12.534,11.066,10.883,10.677,9.987,9.897,10.117,10.049,10.339,10.3,10.55,10.624,10.772,11.203,11.2,11.427,10.668,11.243,11.588,11.668,11.221,11.216,11.195,11.142,11.314,11.608,11.513,10.807
Rwanda,0.072,0.067,0.072,0.077,0.078,0.078,0.077,0.075,0.069,0.067,0.065,0.064,0.062,0.06,0.059,0.058,0.057,0.058,0.055,0.057,0.057,0.063,0.068,0.072,0.075,0.081,0.089,0.088,0.093,0.094,0.08
Ryukyu Islands,,,,,,,,,,,,,,,,,,,,,,,,,,,,,,,
Saint Helena,1.101,1.115,1.13,1.719,1.743,1.76,1.773,1.777,1.783,1.795,1.816,1.849,1.896,1.948,2.003,2.053,2.089,2.12,2.133,2.141,2.121,2.081,2.03,1.969,1.916,1.873,2.46,1.83,1.82,1.77,1.564
Saint Kitts and Nevis,2.639,2.631,2.701,2.761,2.905,3.048,3.106,3.334,3.475,3.696,3.906,3.943,4.38,4.325,4.588,4.223,4.258,4.525,4.487,4.599,4.486,4.669,4.407,4.441,4.546,4.58,4.613,4.647,4.682,4.535,3.986
Saint Lucia,1.301,1.335,1.499,1.635,1.793,1.871,1.969,1.942,2.107,2.151,2.221,2.27,2.253,2.351,2.491,2.377,2.481,2.535,2.5,2.468,2.799,2.776,2.779,2.745,2.712,2.68,2.707,2.794,2.8,2.72,2.396
Saint Pierre and Miquelon,14.346,15.968,14.804,11.409,10.85,10.896,10.92,7.482,8.655,8.691,8.727,8.787,9.445,10.128,9.582,10.189,10.706,10.603,10.492,10.398,10.368,10.43,10.551,10.693,10.86,11.007,11.116,11.207,10.03,9.83,8.738
Saint Vincent and the Grenadines,0.75,0.782,0.781,0.95,1.119,1.187,1.222,1.222,1.495,1.53,1.36,1.664,1.729,1.827,2.026,2.024,1.99,2.161,2.028,2.571,2.031,1.996,2.129,2.024,2.322,2.149,2.209,1.968,2.194,2.134,1.883
Samoa,0.54,0.581,0.598,0.614,0.565,0.668,0.728,0.724,0.827,0.781,0.819,0.877,0.914,0.888,0.923,0.938,0.952,0.986,0.88,0.913,0.985,1.016,0.988,1.018,1.048,1.174,1.224,1.257,1.214,1.246,1.239
Sao Tome and Principe,0.4,0.391,0.382,0.375,0.368,0.362,0.356,0.351,0.346,0.34,0.335,0.354,0.398,0.438,0.477,0.489,0.521,0.507,0.492,0.521,0.548,0.536,0.622,0.63,0.599,0.606,0.613,0.619,0.625,0.587,0.514
Saudi Arabia,12.843,17.203,18.294,19.177,18.015,14.079,13.569,11.12,10.476,11.19,14.342,13.988,14.937,14.54,17.058,16.621,17.605,15.347,16.7,17.493,18.88,17.605,19.317,17.996,19.705,21.278,19.698,19.316,18.454,18.163,17.967
Senegal,0.417,0.436,0.428,0.43,0.454,0.395,0.411,0.348,0.357,0.377,0.398,0.424,0.432,0.467,0.485,0.499,0.388,0.416,0.395,0.426,0.541,0.6,0.549,0.57,0.616,0.675,0.668,0.697,0.715,0.691,0.624
Serbia,5.931,4.021,4.414,3.841,3.684,3.882,4.546,4.939,5.246,3.656,4.738,5.111,5.459,5.894,6.384,5.616,6.652,6.544,5.715,5.086,5.082,5.462,4.891,4.994,4.179,4.928,5.086,5.156,5.028,5.624,4.937
Seychelles,2.129,2.41,2.37,2.473,2.671,2.581,3.022,3.507,3.661,3.806,3.89,4.179,4.14,3.971,4.235,4.298,4.297,4.474,4.578,4.843,4.857,4.426,4.59,4.433,4.9,5.054,5.589,5.776,5.736,5.945,4.994
Sierra Leone,0.12,0.134,0.073,0.074,0.081,0.054,0.071,0.052,0.055,0.044,0.072,0.091,0.101,0.103,0.096,0.075,0.099,0.081,0.082,0.08,0.084,0.108,0.124,0.147,0.158,0.122,0.124,0.122,0.124,0.123,0.11
Singapore,14.449,14.264,14.827,15.023,17.591,11.499,13.197,15.121,12.281,12.441,12.012,12.067,11.474,11.973,11.218,8.549,9.778,10.378,12.055,18.141,11.034,5.751,8.966,9.969,9.992,11.11,7.124,6.844,7.99,7.874,7.778
Sint Maarten (Dutch part),19.142,14.744,11.905,18.195,17.339,17.041,15.804,16.384,0.896,6.653,17.521,17.723,16.979,16.885,17.638,17.432,18.159,20.471,19.68,20.002,13.569,16.874,19.211,19.012,18.852,18.885,18.674,18.124,17.212,16.62,14.539
Slovakia,11.624,10.036,9.172,8.665,8.155,8.218,8.179,8.193,8.143,7.978,7.622,8.008,7.773,7.835,7.924,7.926,7.883,7.59,7.663,6.968,7.108,7.025,6.634,6.549,6.188,6.331,6.405,6.614,6.607,6.189,5.629
Slovenia,7.517,6.954,6.918,7.115,7.331,7.705,8.039,8.305,8.068,7.751,7.568,8.196,8.327,8.174,8.381,8.474,8.565,8.605,9.021,7.954,8.042,7.963,7.647,7.322,6.549,6.577,6.955,7.028,6.975,6.738,6.043
Solomon Islands,0.47,0.491,0.488,0.507,0.524,0.53,0.535,0.54,0.553,0.538,0.542,0.553,0.564,0.574,0.599,0.6,0.602,0.61,0.611,0.619,0.625,0.636,0.626,0.654,0.562,0.486,0.467,0.449,0.443,0.445,0.435
Somalia,0.101,0.097,0.093,0.088,0.085,0.079,0.074,0.068,0.062,0.057,0.054,0.055,0.062,0.06,0.059,0.057,0.055,0.055,0.053,0.051,0.051,0.049,0.048,0.048,0.047,0.046,0.045,0.044,0.042,0.043,0.035
South Africa,8.505,8.645,7.793,8.084,8.348,8.728,8.61,8.967,8.638,8.454,8.412,8.152,7.722,8.651,9.496,8.687,9.211,9.463,9.937,9.95,9.117,9.114,8.728,8.491,8.812,8.135,8.269,8.142,8.032,8.127,7.62
South America,2.016,2.005,2.009,2.087,2.106,2.169,2.215,2.309,2.429,2.445,2.358,2.355,2.366,2.366,2.362,2.426,2.427,2.474,2.621,2.553,2.758,2.784,2.895,3.012,3.012,2.922,2.799,2.755,2.577,2.494,2.308
South Korea,5.836,6.356,6.842,7.45,7.939,8.472,9.204,9.637,8.118,8.741,9.298,9.564,9.933,10.069,10.151,10.258,10.321,10.664,10.858,10.927,12.021,12.545,12.564,12.628,12.46,12.498,12.539,12.834,13.125,12.65,11.656
South Sudan,0.079,0.075,0.068,0.048,0.067,0.07,0.07,0.083,0.069,0.071,0.074,0.082,0.101,0.109,0.132,0.121,0.126,0.141,0.142,0.141,0.138,0.13,0.132,0.139,0.144,0.178,0.157,0.133,0.122,0.126,0.105
Spain,5.897,6.131,6.339,6.101,6.397,6.722,6.387,6.68,6.867,7.404,7.627,7.584,7.954,7.928,8.188,8.398,8.064,8.113,7.31,6.384,6.049,6.047,5.927,5.385,5.453,5.821,5.592,5.888,5.776,5.381,4.468
Sri Lanka,0.221,0.236,0.288,0.278,0.3,0.319,0.38,0.407,0.417,0.456,0.54,0.546,0.574,0.57,0.627,0.611,0.599,0.612,0.6,0.643,0.644,0.73,0.769,0.71,0.851,0.948,1.095,1.09,0.989,1.07,0.986
St. Kitts-Nevis-Anguilla,,,,,,,,,,,,,,,,,,,,,,,,,,,,,,,
Sudan,0.237,0.214,0.184,0.122,0.162,0.162,0.162,0.194,0.165,0.174,0.185,0.208,0.258,0.281,0.347,0.324,0.347,0.399,0.412,0.42,0.417,0.396,0.402,0.436,0.438,0.518,0.485,0.532,0.507,0.515,0.43
Suriname,4.288,4.898,4.827,4.761,4.694,4.664,4.646,4.634,4.576,4.561,4.655,4.958,3.235,3.152,3.151,3.18,3.441,3.436,3.742,3.812,4.528,4.073,4.868,5.014,5.076,4.833,4.029,4.337,4.365,4.335,3.791
Sweden,6.697,6.696,6.619,6.578,6.82,6.724,7.151,6.568,6.62,6.295,6.16,6.253,6.346,6.389,6.284,5.962,5.904,5.781,5.509,5.074,5.658,5.203,4.902,4.7,4.471,4.465,4.398,4.3,4.222,4.079,3.826
Switzerland,6.637,6.866,6.773,6.348,6.151,6.206,6.266,6.089,6.291,6.247,6.106,6.28,6.02,6.143,6.177,6.199,6.084,5.754,5.866,5.644,5.769,5.183,5.276,5.326,4.781,4.668,4.677,4.516,4.324,4.277,3.732
Syria,2.976,3.293,3.227,3.334,3.311,2.872,2.868,2.99,3.19,3.233,3.076,2.871,2.25,3.077,2.826,2.717,2.772,3.306,3.236,2.903,2.842,2.741,2.311,1.748,1.648,1.565,1.665,1.875,1.792,1.816,1.745
Taiwan,6.058,6.46,6.813,7.308,7.599,7.908,8.226,8.818,9.215,9.515,10.333,10.4,10.675,11.08,11.426,11.735,12.1,12.204,11.582,10.929,11.651,11.874,11.683,11.69,11.762,11.709,11.843,12.03,11.921,11.581,11.47
Tajikistan,2.287,1.809,1.328,0.924,0.415,0.424,0.483,0.362,0.414,0.411,0.359,0.362,0.292,0.317,0.384,0.359,0.384,0.457,0.402,0.332,0.337,0.304,0.372,0.361,0.557,0.627,0.743,0.886,1.001,0.926,0.991
Tanzania,0.084,0.087,0.081,0.087,0.072,0.082,0.083,0.09,0.078,0.075,0.077,0.088,0.099,0.102,0.113,0.139,0.149,0.14,0.141,0.134,0.156,0.17,0.193,0.204,0.198,0.207,0.205,0.209,0.209,0.208,0.183
Thailand,1.554,1.69,1.833,2.073,2.264,2.615,2.889,2.935,2.568,2.648,2.681,2.844,2.978,3.129,3.341,3.409,3.439,3.466,3.41,3.623,3.801,3.756,3.984,4.22,4.13,4.158,4.11,4.132,3.978,3.901,3.693
Timor,,,,,,,,,,,,,0.175,0.17,0.181,0.177,0.177,0.177,0.191,0.212,0.214,0.22,0.259,0.47,0.518,0.502,0.406,0.401,0.402,0.406,0.399
Togo,0.259,0.272,0.261,0.265,0.244,0.278,0.291,0.196,0.278,0.387,0.27,0.229,0.254,0.339,0.319,0.307,0.26,0.256,0.25,0.438,0.404,0.38,0.327,0.236,0.216,0.255,0.307,0.287,0.29,0.285,0.265
Tonga,0.809,1,0.73,0.882,0.957,0.993,0.799,1.024,0.906,1.128,0.972,0.893,1.036,1.177,1.097,1.126,1.261,1.107,1.17,1.27,1.128,0.991,1.034,1.116,1.124,1.2,1.268,1.545,1.349,1.373,1.36
Trinidad and Tobago,13.906,13.805,15.447,14.001,13.624,13.124,16.515,16.319,15.654,17.774,19.091,20.894,22.386,25.126,25.25,29.267,32.562,34.571,33.547,33.477,35.356,34.936,33.875,33.416,34.018,32.928,29.075,28.863,29.122,28.946,25.373
Tunisia,1.592,1.823,1.729,1.859,1.759,1.704,1.789,1.782,1.873,1.885,2.026,2.098,2.083,2.104,2.188,2.203,2.216,2.298,2.336,2.311,2.548,2.376,2.425,2.453,2.521,2.618,2.566,2.557,2.539,2.566,2.38
Turkey,2.81,2.881,2.94,3.018,2.909,3.093,3.358,3.512,3.457,3.336,3.634,3.326,3.392,3.578,3.648,3.891,4.096,4.494,4.393,4.422,4.347,4.622,4.738,4.547,4.683,4.856,5.026,5.243,5.094,4.787,4.657
Turkmenistan,8.514,8.634,8.204,6.861,8.127,8.064,7.138,7.016,7.256,8.42,8.296,8.326,8.653,9.562,9.875,10.144,10.264,11.476,11.481,10.018,11.226,12.018,12.25,12.369,12.446,12.619,12.391,12.198,12.04,12.844,12.491
Turks and Caicos Islands,2.42,2.287,2.418,2.775,2.855,2.936,2.814,3.129,3.216,3.459,3.451,3.396,4.259,4.102,3.841,4.291,4.861,5.427,5.52,5.622,5.61,5.49,5.378,5.38,5.594,5.703,5.913,6.219,6.226,5.993,5.231
Tuvalu,1.234,0.813,0.804,0.797,0.791,1.182,0.786,0.786,1.178,0.392,0.78,1.16,1.146,1.13,1.114,0.733,1.086,1.076,1.066,1.056,1.045,1.034,1.023,1.013,0.668,0.66,0.652,0.645,0.637,0.648,0.642
Uganda,0.044,0.043,0.043,0.042,0.036,0.045,0.048,0.049,0.054,0.055,0.058,0.058,0.058,0.058,0.06,0.073,0.083,0.092,0.091,0.096,0.11,0.114,0.105,0.105,0.111,0.118,0.121,0.13,0.129,0.129,0.107
Ukraine,13.715,12.292,11.457,9.942,8.197,7.659,6.948,6.78,6.605,6.05,5.842,6.272,6.162,6.452,6.573,6.678,7.138,7.254,7.052,6.032,6.422,6.75,6.688,6.564,5.708,4.982,5.233,5.014,5.244,5.059,4.891
United Arab Emirates,28.278,29.256,28.134,30.171,31.645,28.989,28.662,27.365,28.68,26.144,35.668,30.457,24.06,28.454,27.479,24.95,22.969,21.603,21.718,20.903,21.125,21.571,22.047,22.33,21.915,23.382,22.932,17.796,16.011,15.781,15.193
United Kingdom,10.508,10.62,10.321,10.045,9.948,9.78,10.121,9.644,9.701,9.556,9.633,9.748,9.44,9.595,9.569,9.454,9.332,9.1,8.762,7.861,8.062,7.333,7.555,7.346,6.703,6.413,6.023,5.808,5.688,5.464,4.855
United States,20.282,19.871,20.108,20.296,20.435,20.446,20.909,20.928,20.827,20.839,21.336,20.747,20.7,20.744,20.913,20.795,20.324,20.395,19.487,17.885,18.368,17.781,17,17.302,17.331,16.741,16.247,16.02,16.434,15.972,14.238
Upper-middle-income countries,3.71,3.638,3.433,3.439,3.386,3.5,3.554,3.513,3.404,3.354,3.41,3.449,3.588,3.952,4.298,4.588,4.888,5.086,5.349,5.412,5.76,6.162,6.264,6.287,6.305,6.189,6.11,6.178,6.292,6.318,6.22
Uruguay,1.276,1.446,1.63,1.397,1.259,1.413,1.664,1.686,1.713,2.02,1.587,1.513,1.37,1.362,1.675,1.724,1.984,1.785,2.455,2.372,1.875,2.272,2.543,2.21,1.966,1.971,1.904,1.793,1.905,1.902,1.681
Uzbekistan,5.075,4.928,5.192,5.288,4.834,4.505,4.544,4.51,4.93,4.987,4.885,4.882,5.014,4.891,4.798,4.411,4.453,4.378,4.454,3.786,3.624,3.889,3.901,3.657,3.449,3.279,3.44,3.353,3.533,3.462,3.37
Vanuatu,0.45,0.438,0.401,0.39,0.38,0.392,0.491,0.482,0.453,0.465,0.456,0.465,0.435,0.424,0.287,0.28,0.222,0.451,0.424,0.525,0.512,0.544,0.455,0.414,0.583,0.486,0.527,0.488,0.601,0.604,0.591
Venezuela,6.205,5.725,5.136,5.898,6.032,6.059,5.465,5.845,7.162,7.269,6.278,6.978,7.679,7.493,5.819,6.198,5.965,5.502,6.104,6.05,6.473,6.091,6.206,6.965,6.215,5.988,5.677,5.494,4.16,3.478,2.975
Vietnam,0.313,0.308,0.303,0.316,0.355,0.383,0.45,0.577,0.599,0.593,0.658,0.739,0.84,0.924,1.056,1.13,1.166,1.175,1.314,1.417,1.575,1.702,1.587,1.644,1.843,2.082,2.059,2.064,2.342,2.699,2.613
Wallis and Futuna,,,,,,,,,,,,0.988,1.711,1.699,1.699,1.962,2.007,2.075,1.619,2.242,2.311,2.058,2.074,1.78,1.782,1.793,2.12,2.156,2.201,2.312,2.354
World,4.27,4.292,4.104,4.085,4.055,4.083,4.147,4.115,4.045,4.043,4.107,4.09,4.132,4.288,4.43,4.525,4.617,4.696,4.724,4.599,4.793,4.895,4.908,4.893,4.871,4.81,4.75,4.76,4.802,4.758,4.465
Yemen,0.813,0.742,0.762,0.633,0.628,0.694,0.68,0.708,0.733,0.811,0.832,0.894,0.843,0.9,0.954,0.984,1.019,0.974,1.006,1.077,1,0.848,0.746,0.993,0.938,0.483,0.384,0.358,0.35,0.344,0.328
Zambia,0.3,0.289,0.287,0.285,0.27,0.236,0.197,0.245,0.231,0.175,0.171,0.176,0.179,0.184,0.182,0.189,0.183,0.184,0.199,0.222,0.229,0.24,0.288,0.296,0.317,0.321,0.346,0.387,0.422,0.395,0.358
Zimbabwe,1.491,1.451,1.533,1.447,1.544,1.317,1.292,1.194,1.203,1.33,1.163,1.049,0.995,0.885,0.784,0.886,0.853,0.802,0.624,0.437,0.62,0.756,0.601,0.887,0.876,0.885,0.765,0.673,0.821,0.748,0.709
Grand Total,1188.03,1156.189,1136.039,1169.095,1155.775,1141.005,1153.095,1159.246,1089.547,1101.468,1193.346,1208.781,1216.905,1248.568,1266.663,1267.476,1281.678,1298.527,1284.432,1228.148,1233.471,1232.775,1234.721,1207.772,1208.401,1198.059,1179.552,1178.996,1175.716,1187.849,1098.083
